id,Bangladesh (Bengali),Maldives (Dhivehi),Bhutan (Dzongkha),India (Hindi),Nepal (Nepali),Afghanistan (Pashto),Sri Lanka (Sinhala),Sri Lanka (Tamil),Pakistan (Urdu),min_cosine_similarity
1876,1.0000000000000009,0.8102001985855865,0.7436178805056276,0.9209086727393532,0.4778165434588065,0.7910785047583877,0.7785414329939223,0.9209086727393532,0.8477624970048974,0.4778165434588065
31,1.0000000000000002,0.7756859246591445,0.5987157689484272,0.7815267975032194,0.3822365696587745,0.6704262863335674,0.4558745040076304,0.8150610071999927,0.8659674074447716,0.3822365696587745
354,1.0000000000000002,0.8023638926573418,0.6566585738915541,0.8252660020152589,0.4762428065551266,0.8200207392821188,0.8215330606900335,0.951748885454013,0.8200207392821189,0.4762428065551266
321,1.0,0.7451266441211977,0.460884263652201,0.9050830057767794,0.5309754395821713,0.5886363902141214,0.6484568432926768,0.8184350870585632,0.6928653645550358,0.460884263652201
1672,1.0,0.6385351680856604,0.5750565042999637,0.9579195217305948,0.5434591651017202,0.9221762751064198,0.4066355225818636,0.7693607425927518,0.8927072202644861,0.4066355225818636
125,0.9930370678183724,0.7432914445923634,0.5341080715622908,0.9575829414288652,0.5111474875060342,0.7578945417315917,0.597345164476702,0.8720348439125103,0.9249478202841772,0.5111474875060342
1026,0.9900716157838386,0.8280996528986487,0.6979066584710883,0.970699079425954,0.4853914332014332,0.7126540952582822,0.615746620934491,0.8814580592653096,0.812854309180732,0.4853914332014332
355,0.9864400504156215,0.7075781575771597,0.6533868257049306,0.931056512138977,0.7420561259438483,0.5418956157647149,0.5555678476045816,0.9009264722445663,0.7034644294231376,0.5418956157647149
1661,0.9839345112875906,0.6559435472961419,0.4983838007842572,0.8782562877973925,0.4246279741365352,0.5889692445098469,0.6170752025676545,0.8363175252088476,0.8376082260486362,0.4246279741365352
1444,0.9764112611910482,0.8389631735079395,0.826941778016038,0.9260904047890972,0.7485158489582526,0.9055278584813008,0.8522496208460034,0.9315610149783784,0.8954565630858804,0.7485158489582526
1414,0.9762254573645066,0.8078494263685887,0.5480738895409473,0.9116885686660332,0.5000350353082521,0.8007328690143404,0.488618161519978,0.8858044137501231,0.8423224151837788,0.488618161519978
1129,0.9753007319068344,0.8456152410235784,0.6269452416396444,0.9753007319068344,0.4214704304017615,0.8822478058807585,0.7062348589220242,0.9276664701956796,0.7825142717301893,0.4214704304017615
773,0.974004412617695,0.9208798627751712,0.8501026630677865,0.9941553954324835,0.6512524146527949,0.8644699083229785,0.7141969781345855,0.9445889364994444,0.9211362273622018,0.6512524146527949
1131,0.97364460044821,0.8053529243952828,0.4586639361390127,0.8985726069853016,0.4832357382297696,0.7159201200402032,0.6235640888228727,0.6554037210866324,0.745977519599561,0.4586639361390127
1454,0.9715214482727498,0.7772415792649529,0.5895743878037272,0.8745702563747936,0.4191886238485814,0.6423220185289668,0.4584199483461538,0.962165718073338,0.8845686339148555,0.4191886238485814
1779,0.9706990794259546,0.6415662118441069,0.3525837972718274,0.8964361124429608,0.4580115862457313,0.7368049181033285,0.5189885911070411,0.7041483703767621,0.7383586216270626,0.3525837972718274
1208,0.9699844263944816,0.8411408053481598,0.860308409376685,0.9835811314019356,0.7612309348426564,0.8327783500278564,0.8188974761377042,0.9150386781492352,0.97117544045311,0.7612309348426564
77,0.966219393771666,0.7797667985130392,0.5005864358371825,0.910141773701782,0.4693820237370885,0.6070029562538641,0.4188629360511356,0.8703109063404546,0.8211116238419222,0.4188629360511356
9,0.9653893695633804,0.7075127344491229,0.5446061660334043,0.9198388010975204,0.462708799619232,0.7820696625046619,0.7172746335280726,0.8532189734734196,0.7343082289495231,0.462708799619232
1900,0.9642017444215292,0.6873228040991785,0.6204708925663166,0.9572416289976384,0.7042296450697163,0.8800341760293574,0.8103594091719502,0.913924317566092,0.9426771849829866,0.6204708925663166
308,0.964133092040627,0.8871404102093411,0.7896267476405222,0.9783388563317424,0.6261855198189076,0.8216223003094271,0.6119487592545242,0.8536751931823394,0.8971207357405593,0.6119487592545242
1316,0.9636529138069592,0.6364238148203631,0.5314871819439552,0.8751848172716031,0.3264846835470437,0.8702154904569162,0.5970039022448271,0.8932492011303267,0.925617971967907,0.3264846835470437
186,0.9627877608778188,0.7193128054580292,0.6121564981573331,0.7937812192819107,0.3243135495168899,0.6057843975447473,0.5224688934949241,0.6836839696575203,0.7100909527452203,0.3243135495168899
1595,0.9616342074041436,0.920761611844968,0.8219134934983374,1.0,0.8393043760752709,0.7388023107149297,0.6736765481829156,0.8819404002864198,0.8736994520357817,0.6736765481829156
1118,0.9606831504044424,0.8522550631813456,0.6561510383077396,0.937132624147898,0.6786168308883104,0.8884623111895404,0.7075132829762784,0.8158160795142827,0.750957278259435,0.6561510383077396
1382,0.9596667938208476,0.769293134904296,0.5925383848996548,0.959666793820848,0.6368629976461728,0.734313528338872,0.5719934927243667,0.969387645324982,0.8119383679592636,0.5719934927243667
758,0.9585765488371112,0.8529404544783978,0.6583237203740787,0.9404487763413087,0.7832772534177207,0.8520049178427475,0.5524292413377234,0.6388013057119987,0.909454195859174,0.5524292413377234
1360,0.9572528599290312,0.8956076888268233,0.6620874472612316,0.9212938901872773,0.7436188587397776,0.8639545328702819,0.8220604032252455,0.9164271525674844,0.9111787234794588,0.6620874472612316
1335,0.956705734168478,0.8061173387435602,0.5788125348392839,0.9033395778814588,0.6991444124694358,0.920697707712294,0.5605434392189663,0.8495076927065447,0.9241756006901208,0.5605434392189663
722,0.9549323750193176,0.9406631876475317,0.6500481546871879,0.9553057773197796,0.707549341993198,0.762285250116761,0.8658183811761162,0.9124445382728664,0.8940926836866031,0.6500481546871879
1777,0.9548541574271424,0.8279953448555645,0.645370776606123,0.8574636356502512,0.4340888496178579,0.7546125155850502,0.5995958930280566,0.7608554057222944,0.7431961548614676,0.4340888496178579
459,0.9540356741795384,0.6301943085098547,0.5663322640427424,0.9089803733345524,0.6835745966708794,0.7734777634824566,0.5223060305187529,0.9540356741795384,0.9772824074636536,0.5223060305187529
389,0.9516966773836067,0.7823337270755601,0.7025253198390587,0.9342064450976436,0.4837467876093803,0.7792007273790292,0.5049472977315984,0.9068040587966736,0.8345529382034698,0.4837467876093803
1718,0.951196640911862,0.6697616800971645,0.4183427296283699,0.8941005767621324,0.3461234713712447,0.6880659930443629,0.4552792729829618,0.6885153866462326,0.7905890556838306,0.3461234713712447
144,0.9505862224808104,0.7856717097971637,0.6244822653667599,0.9552259003756798,0.6663318836390614,0.876241516992774,0.5814384957364641,0.939233235531244,0.8701194229552,0.5814384957364641
345,0.949018994196233,0.6271164585117919,0.474571022900597,0.8082753886756333,0.3972331281782852,0.5974616459737407,0.4490210002225193,0.7645164509895525,0.7448743209243254,0.3972331281782852
935,0.949018994196233,0.7273714553701554,0.5574387712659207,0.8702601593160986,0.5065498757126543,0.7310819100546132,0.5821972625446871,0.7477499405289543,0.7926933046753948,0.5065498757126543
1849,0.948659776051418,0.7315180683557225,0.5451146804871734,0.9367131915341814,0.7566211539194316,0.8089650784304089,0.7766724041195227,0.8395425125335679,0.7477582354974028,0.5451146804871734
1067,0.947983807981954,0.6477110168696913,0.5033754467065429,0.8270378047223628,0.5447461407598225,0.7406934005943973,0.4820372278000739,0.7605822372338269,0.8068197553636703,0.4820372278000739
278,0.945834088671716,0.8174362791680642,0.7011784844449152,0.9081839892974398,0.3766433318682867,0.6172632348110653,0.4824883413085094,0.9588260866416638,0.775303948993601,0.3766433318682867
98,0.945632343213246,0.7869151883860858,0.6681373423337669,0.9526073160114304,0.4037224956801449,0.7350446750049349,0.6637151846648764,0.7896709871430951,0.9100802082516212,0.4037224956801449
1451,0.9450920380451492,0.6694188517266486,0.4502813839435348,0.8437484296895231,0.4108947766241136,0.7926061735467097,0.3552311210581347,0.6963642676267385,0.8407207350697052,0.3552311210581347
218,0.9448812509390028,0.6897491132586945,0.4900165587760024,0.7830604058106422,0.4606122218683512,0.618317799673195,0.5959882901553505,0.786331863574912,0.846272360159194,0.4606122218683512
832,0.9445329097435397,0.6758630054542355,0.536401235707094,0.9376422078051668,0.5704648044559548,0.6461986348231851,0.4775865685497111,0.9165108581213744,0.7959010019768341,0.4775865685497111
1938,0.9445154526070704,0.7213373513883371,0.4333110632419877,0.9484328910880716,0.4550378087884032,0.6590884047172199,0.5459446360058624,0.8508787835696877,0.8020080317708033,0.4333110632419877
662,0.9442195084529494,0.7625357104764116,0.6063230136717342,0.938506510808386,0.4374854374193457,0.7674254964514826,0.5177438535448079,0.8697446954350813,0.7955390512248876,0.4374854374193457
62,0.9441503193029612,0.6553045758222923,0.5548169921737058,0.887543871680479,0.3474996413340988,0.7334972745324475,0.434478766477294,0.7960903172711402,0.9046899632827908,0.3474996413340988
1832,0.9423108366579132,0.7907740975096468,0.5451367109442283,0.9121111022894466,0.4066017892370711,0.7345867756030897,0.7098529099245425,0.8319209199797877,0.7372566496082326,0.4066017892370711
590,0.9411688461650872,0.748210443182136,0.7068412996361945,0.921874072324669,0.5603236244892912,0.6585026500869641,0.6817343548868541,0.8332051291993682,0.8854676960937441,0.5603236244892912
1132,0.9408941752440908,0.7729369595144288,0.5539784977167295,0.9227641636491384,0.5794031407974125,0.7113318353613255,0.6201478187447229,0.9175886870426944,0.8512979666923023,0.5539784977167295
1476,0.9400966710533994,0.6607741684694429,0.575108376041706,0.9400966710533994,0.3606314940141156,0.7325052427369966,0.5803094649680209,0.8479230053952259,0.745661989189646,0.3606314940141156
1252,0.939808169580342,0.8135716174048435,0.7225118809060722,0.9349760158039412,0.561998705385681,0.8279353423980695,0.6188539366373144,0.8392040182802493,0.9082906257570268,0.561998705385681
770,0.9397994077753634,0.8128360894837664,0.523851799380448,0.9517921621255228,0.5803712999518877,0.7753861693703824,0.7017190934190712,0.7257858171119164,0.9229886736193996,0.523851799380448
1039,0.9396761457209832,0.6461070863602467,0.6065030785956322,0.8813043920094306,0.3550282763604784,0.6408703107797667,0.4067724336368394,0.8253922183029715,0.790667471975105,0.3550282763604784
1241,0.9396394391494112,0.732448074189363,0.636344059130408,0.9420791587256592,0.5711140261318746,0.6790573542755017,0.3645736178987937,0.7813903124401801,0.7820336381451508,0.3645736178987937
1348,0.9392804724259738,0.676825863802693,0.4748373279454446,0.8145381273275195,0.4045166377900028,0.7407200625428786,0.5106129973603463,0.7147660261980588,0.9156647377831996,0.4045166377900028
1469,0.9382232478586716,0.8253257937898931,0.72470512538246,0.880103651342869,0.4683303292531308,0.880103651342869,0.70674440120971,0.8296172514458856,0.7736095163372202,0.4683303292531308
254,0.9375778902697474,0.6734252144584829,0.4424699311316167,0.9237545869508073,0.4885700923293069,0.7726874059838245,0.6255822991922755,0.8118168191165035,0.8595118682310426,0.4424699311316167
870,0.9369281546429248,0.7913694067040558,0.6043794395988686,0.8809744520985442,0.503038526109463,0.6461714011784669,0.6162859648729456,0.7496264602129088,0.836911575341574,0.503038526109463
215,0.936228862397297,0.8078362117258153,0.7612209080459369,1.0,0.6881392717853396,0.8271257669108629,0.7846590736157627,0.907732581925119,0.9047656058392366,0.6881392717853396
1825,0.9361170463397924,0.8075354058061324,0.4543979261262342,0.9113097884241512,0.3847555758295196,0.5940584178058649,0.5205023202153869,0.8133998813601113,0.8900665525858921,0.3847555758295196
14,0.9359725915704596,0.7296527537200537,0.6278860033611082,0.958199909066234,0.6131534986081733,0.7459528680386556,0.4739792123745533,0.8437756332467476,0.8424921915260426,0.4739792123745533
1602,0.9352045408392492,0.7556087498652201,0.4595585338881103,0.8644742948527493,0.4470083253621136,0.6152398681859612,0.6043451586256674,0.7288220838350679,0.7666397592413301,0.4470083253621136
564,0.9342926384703176,0.7963027992599124,0.3899341689656678,0.9056832665569152,0.5355649876581975,0.5810288388537064,0.5697000423465332,0.7919197540862654,0.8921830951037378,0.3899341689656678
740,0.9341014084881688,0.6794698271792823,0.4858391124267112,1.000000000000001,0.5958392323912078,0.7380161085600543,0.6056565802624897,0.7506425377093549,0.951338666661335,0.4858391124267112
1975,0.9333603586928578,0.643722291245389,0.6298317308211133,0.8040888448200839,0.4935707186246434,0.8510425118643647,0.4527786331785001,0.817018636113864,0.8252819526397223,0.4527786331785001
771,0.9329801273275892,0.7118485107315077,0.5843418613949047,0.919480117307804,0.561732989695832,0.7046810996289526,0.5673765620096604,0.7101417273261996,0.8642081075500918,0.561732989695832
174,0.9328378907395186,0.8556811965002036,0.5924316911490743,0.8128627268032186,0.3217933828704331,0.8903237836518892,0.4691309647650983,0.8275951235702572,0.7529615744756879,0.3217933828704331
718,0.9328378907395186,0.8314697027874773,0.6862695814612778,0.8697517440508041,0.607739278436066,0.7786601950125392,0.6048405575890861,0.8180207049979366,0.8243793798702563,0.6048405575890861
40,0.9318271087105184,0.6914890639979081,0.3780302722973545,0.8408100364312308,0.5035917919469645,0.8083813885075832,0.4573257588847911,0.8982195265385532,0.721598145702892,0.3780302722973545
1409,0.9318271087105184,0.7825552846733523,0.5841166587926234,0.8827716123514349,0.4944603141507472,0.707598342206961,0.4896836961845812,0.6846798317136085,0.7023371005315292,0.4896836961845812
1669,0.9307165326926222,0.7612085746391185,0.6498314592396888,0.8498989415041537,0.3833437680720516,0.5910528182713906,0.4124097551216167,0.8056430566620963,0.7593577185651788,0.3833437680720516
50,0.9306486029024312,0.7361380029985888,0.4575107531723779,0.8922040210018137,0.4500092919187968,0.7071165739068034,0.4856672272853958,0.7078522807882527,0.7984524389548638,0.4500092919187968
610,0.9303424486110368,0.7555942040240418,0.6348938672855611,0.9210503208409664,0.3394417294407862,0.8688617076212196,0.575072499901121,0.8198069741659737,0.7636974496753449,0.3394417294407862
840,0.9294375019615868,0.7721068140572094,0.6613975958712662,0.8648395481743232,0.4906266432400006,0.7409457028309665,0.4977119121922654,0.8710906907471193,0.8359603106724455,0.4906266432400006
129,0.929390215705104,0.6593610215368797,0.5826820928345632,0.929390215705104,0.3144015728725994,0.5459353233572097,0.410646378303271,0.6733138280708367,0.8945968013776977,0.3144015728725994
1041,0.929210319703018,0.7452781830425657,0.4619105073323105,0.8242076114633162,0.3857916443393193,0.713925015371384,0.5712039630066126,0.6852368804743442,0.8599169610454725,0.3857916443393193
39,0.927806677377784,0.7108369170410216,0.5541947490894059,0.964777417217284,0.4131415501873771,0.7352525261792893,0.5268134865539668,0.815352806962723,0.7975639479366962,0.4131415501873771
1272,0.9276664701956802,0.6854866443687863,0.6443938682432103,0.951196640911862,0.6338480446069302,0.7539134162057322,0.4551686919646772,0.7394978085117204,0.8654247784659481,0.4551686919646772
682,0.9273470701341376,0.7505602293359847,0.4892476362409581,0.9167486473405764,0.6545322650853348,0.6927923305891504,0.566521676791951,0.8449436855540834,0.8169763813782702,0.4892476362409581
1922,0.927099563540927,0.779864464099397,0.5592448248319881,0.9076748000128592,0.2925823029845568,0.7789634428779846,0.3726716348503351,0.8725840329425842,0.8198958175497462,0.2925823029845568
1331,0.9266342743037824,0.7641085077020308,0.7009729976548689,0.9534946033571068,0.3998212651322591,0.5451593868802148,0.3672090539211191,0.8179882990640641,0.8800000086281211,0.3672090539211191
878,0.926034304723917,0.8130507308774461,0.7482140911328534,0.9811789983584612,0.5772147891874637,0.718489378563934,0.709421425351942,0.8742408236876874,0.9085972141423684,0.5772147891874637
665,0.9257187257781924,0.6620756548879579,0.581334869112111,0.90249859866265,0.5821520512579899,0.7110497867943362,0.4943552938049178,0.7750226203378764,0.6952724231071192,0.4943552938049178
44,0.9257136155727952,0.7954738918476596,0.6937913464143092,0.8267062815010775,0.3702874135458429,0.6813000248270165,0.5413921464546813,0.771710263866335,0.8395201278510055,0.3702874135458429
1266,0.9253048379993302,0.90412215938731,0.7625553090726813,0.9683071164635269,0.6421475435332726,0.8140819094555116,0.7205145131761452,0.8481948067448621,0.8598014151351793,0.6421475435332726
10,0.924669801129164,0.610983544050755,0.4262503030859598,0.8056729233348943,0.3265175744238838,0.5552417196773887,0.3891544517810685,0.6806671260972897,0.7408268683743416,0.3265175744238838
529,0.922436864581676,0.7765136731015837,0.5368825133324364,0.8738800097387142,0.4164737157529836,0.620687189911184,0.6375269500497095,0.7430153950810605,0.8541305814647955,0.4164737157529836
1686,0.9223683824382708,0.7777088091398443,0.7889616950902575,0.9122711008878892,0.3698842204228337,0.8410180479293378,0.6351248020322001,0.8077758968610393,0.8919798623840359,0.3698842204228337
112,0.9221724075423956,0.7012843897216248,0.4346786557800006,0.8267055119404522,0.3907850874548669,0.5490711398843301,0.3719051039564061,0.6920415333453195,0.8136412713475395,0.3719051039564061
348,0.9213118312172256,0.7196070400366845,0.7080803102047143,0.9167851049033212,0.3480440115274007,0.771132441114075,0.4942252515742451,0.6247809882611026,0.8392644707450875,0.3480440115274007
221,0.9208584008931018,0.6502694531114949,0.5677119644739341,0.9322675732129456,0.4954065476546418,0.6682256567809296,0.6750409682796646,0.8857594800812064,0.8422758038675644,0.4954065476546418
777,0.9205625704250742,0.7534618991797158,0.7514589118625813,0.95585568547098,0.2911939789365695,0.5928479993468879,0.4792122542993088,0.8733758868061814,0.8240279050416541,0.2911939789365695
1074,0.9203872269211932,0.7221426709635855,0.6199076305622866,0.9517921621255232,0.4281157974435553,0.7696598675373717,0.5437460626118775,0.8047458366575776,0.8564526418210147,0.4281157974435553
64,0.9201165750314626,0.8500270379722492,0.7802524829101811,0.8816243918467503,0.5269868800259181,0.7168550388419351,0.6630888137274231,0.8699587401823243,0.7661973312842781,0.5269868800259181
1291,0.9200992138414276,0.614749129478485,0.5206380297765777,0.9550927997824218,0.5934088728338762,0.8613499970403943,0.6962916319383328,0.933417838086296,0.8797965744505553,0.5206380297765777
555,0.9198388010975204,0.7390735426208267,0.5727370467797483,0.9458447105869476,0.385938016593197,0.7971239107726532,0.7275809923615287,0.8804061470192246,0.8738058883777291,0.385938016593197
616,0.919492678945338,0.7397921980843929,0.5215202507248505,0.9438740323780436,0.3703973263837103,0.837427088951579,0.6245659644997061,0.7944339908525068,0.8437735162027226,0.3703973263837103
1213,0.9194735821242962,0.8169307722335603,0.7436317772658791,0.9532252870632596,0.6435784210322966,0.7110092481253838,0.7310498510061063,0.7297554208829862,0.7080196545039342,0.6435784210322966
60,0.9192929372161142,0.6583104757561228,0.3976250394997737,0.8643707607220971,0.3717143305169387,0.7431169923127,0.4186402950537574,0.7955571955494769,0.979625843789784,0.3717143305169387
1999,0.9187395881592216,0.728537440440953,0.443354863087408,0.8233522479017076,0.3699465763302589,0.6740475491776049,0.4184766588761998,0.7217838449449772,0.781289197792521,0.3699465763302589
903,0.91795605415256,0.7675975737776322,0.5307699919523534,0.9450920380451492,0.4928819020858977,0.8029628554857017,0.4730286583515111,0.7666800917917361,0.7926061735467097,0.4730286583515111
4,0.9179560541525594,0.7139513206107284,0.5505879565658025,0.9175389645626584,0.4361887042792891,0.7411997011422367,0.5898632412580578,0.8492465244860867,0.7022272950232739,0.4361887042792891
539,0.9172022163529177,0.753150801376487,0.6440119524171823,0.8975996437042062,0.4092621378135987,0.6780094381820696,0.6436921375952753,0.8605231258334493,0.8634261423643321,0.4092621378135987
1350,0.9165497641073684,0.6767917014828869,0.5948312645812748,0.961432126047726,0.3327993920460642,0.7704135409604013,0.4953067103086063,0.8185840693741918,0.9279362367345636,0.3327993920460642
1242,0.9164481741265984,0.7472916000442749,0.7217596256555974,0.9484660829945278,0.560667220174474,0.657771317987015,0.6231830134396901,0.849544096038557,0.8395169509190916,0.560667220174474
21,0.9160576964906172,0.8050294335700882,0.4460334579998731,0.962092460873886,0.4323079334862266,0.8811628062191987,0.7862126220978929,0.8586557982260815,0.8042008845180972,0.4323079334862266
769,0.9156647377831996,0.7237502452563086,0.4800820500229295,0.8732827717458628,0.4981827818730716,0.6444130963756135,0.5291933511063392,0.627148139293457,0.8409668086442252,0.4800820500229295
753,0.915588431977144,0.7725258511505314,0.5151332699530387,0.9604738561139357,0.3629224320895407,0.5725626734077289,0.6061228679032582,0.9505131253331428,0.854631915600552,0.3629224320895407
894,0.9152332925771492,0.8193777091224931,0.768575661808801,0.9066799550767164,0.590863982762228,0.7664972942140443,0.5683320220334255,0.8145253167172669,0.7907277407133958,0.5683320220334255
1526,0.9152025688454172,0.7008451376710202,0.4071497598382246,0.8750406986568273,0.4647501316248957,0.6713266599073338,0.4255631022954914,0.7821865976564355,0.8954391264782674,0.4071497598382246
742,0.9149849097191092,0.8199568510599298,0.5871756326394082,0.9999999999999996,0.3311458097074184,0.7445816655803148,0.4988424218378877,0.8998305208407902,0.7161450066059027,0.3311458097074184
637,0.9148695019123656,0.6453768492322249,0.3594184750350002,0.8588308964953605,0.8137117963323574,0.6954508344283847,0.5858487269765525,0.815603201256199,0.8645481898513186,0.3594184750350002
358,0.91430356346394,0.7715304933532282,0.6603115214041222,0.890052268194828,0.3599995322697042,0.6586429664023978,0.6234260990883779,0.7029856113341527,0.7139605794766737,0.3599995322697042
52,0.9140489325826237,0.8626707823208941,0.8144052504235788,0.9692703040288578,0.6701181882872831,0.907424341824837,0.6264734683319303,0.8704599283014279,0.8898445801024353,0.6264734683319303
16,0.914023781876838,0.7599999408432344,0.5192979500955295,0.9240080638408052,0.4501117910167434,0.6471788490110848,0.5005720319438787,0.8412270633581352,0.9240080638408056,0.4501117910167434
211,0.9140237818768356,0.7459759304402949,0.5148973661926713,0.9357512046882672,0.3736747580485458,0.694438315496766,0.4331121191468037,0.7000990352029208,0.71825922532955,0.3736747580485458
1929,0.9140237818768356,0.7547207381174512,0.5463189461173208,0.9140237818768356,0.4963525643075825,0.8062778047483707,0.5802501343795123,0.8373151653738816,0.835049905752098,0.4963525643075825
1987,0.91388493228537,0.6378716263321002,0.458420612364573,0.871910501617015,0.3150734092743579,0.5437392440705621,0.4601891030700427,0.8614918726538081,0.7608859627321252,0.3150734092743579
356,0.9136480673651166,0.7796321672814287,0.5499908749673369,0.8946428052778251,0.3521234734386114,0.7783065125999601,0.3618442196404943,0.6769533602291193,0.6842410366255928,0.3521234734386114
75,0.913555624960184,0.832535980819525,0.6636867631959606,0.8778799625667228,0.5504147232245606,0.779215614525157,0.7479750212353354,0.917202015177324,0.797793164038079,0.5504147232245606
246,0.9131442457625766,0.7857268265948733,0.4649709016845295,1.0,0.5768803856792749,0.8378020264130372,0.7212668552609462,0.9230057906434624,0.8773869355894195,0.4649709016845295
12,0.9131391775707204,0.8177016839569049,0.4418821798370181,0.9207505567265728,0.6209444382487358,0.8113923677897904,0.7103003048576156,0.8552106493282957,0.8614395875394624,0.4418821798370181
313,0.9121851203866868,0.6869731352516737,0.5735917418764662,0.8880324056029438,0.3604563832917053,0.7994937735822653,0.4668086070187354,0.7907654600870829,0.6895312326216002,0.3604563832917053
80,0.9117751443086894,0.841938517346938,0.6171850895915929,0.9306583772233112,0.3072571466356263,0.8084635397297847,0.4569779003416003,0.6938064794103144,0.805023059007853,0.3072571466356263
1468,0.9115370929424228,0.7711553014395665,0.7514105334843835,0.8927413252122104,0.6007154021167745,0.7867320356429837,0.6790410810991685,0.8076799023027335,0.8657481519076247,0.6007154021167745
1228,0.9110558061341296,0.8793279730225536,0.6210059022791915,0.9400966710533996,0.6419548688875103,0.9034512650394242,0.4613021685953329,0.7960913469550699,0.9341530061286528,0.4613021685953329
516,0.9105201974367962,0.7728603490355503,0.6830023173020406,0.8881851285080352,0.5239914116699094,0.8606794347585801,0.5315664871507854,0.8096018291530149,0.8464378961455745,0.5239914116699094
1233,0.910251700781076,0.7567567286904633,0.6050596416811722,0.9272743732210846,0.584746472305631,0.818331944483663,0.7283280988548817,0.771673526478909,0.8334318719975252,0.584746472305631
1325,0.9100512182013624,0.7289833845367275,0.5267633647004146,0.9238866021110907,0.4180844765690352,0.8244897062367421,0.5567965418684927,0.7595271338675682,0.7957741599484668,0.4180844765690352
141,0.9096204312955304,0.7752496316234252,0.4169529586878048,0.9080724128181564,0.4507976103066451,0.7611538814661022,0.6541733047043,0.8378715905358299,0.7971239107726531,0.4169529586878048
497,0.9085972141423684,0.9246221712105608,0.820552507095456,0.9513797548281696,0.5766354918359056,0.8430082955088922,0.5339729815302435,0.9903538022316934,0.9327551918169108,0.5339729815302435
194,0.908597214142368,0.6752172194738484,0.4728341148764383,0.945250374667608,0.3407301436387641,0.6435642116584676,0.5425279472258586,0.7978409953499889,0.7206173635366376,0.3407301436387641
1502,0.9074310120341558,0.7999476082655844,0.549721762217594,0.9419234943531808,0.4942832145254871,0.658048635083058,0.5702713753750245,0.8304391675201227,0.7932273772027906,0.4942832145254871
1029,0.9071807278974392,0.8538824286956815,0.748808127940363,0.9529406423252528,0.4554769123990165,0.7847127348103495,0.3942754437750371,0.8257943201986807,0.7679728959208563,0.3942754437750371
375,0.907090163183444,0.7724431954765931,0.6346825781478089,0.926772647037196,0.4342677432247033,0.7649034995243006,0.6615364489560437,0.8315202091313343,0.8151455144722188,0.4342677432247033
120,0.906831807279862,0.8976234185186507,0.6640021308429891,0.7745037059182052,0.6134693500360923,0.772666279054568,0.4075264188587373,0.7970014502927153,0.8650913586232453,0.4075264188587373
609,0.9053745186563812,0.6711443164846553,0.5774622723985033,0.8454241098525154,0.4042834145227275,0.574286240891813,0.5280898120012967,0.7514873399272416,0.7924967984207437,0.4042834145227275
1032,0.9047656058392356,0.669379650397909,0.5461678289567214,0.8271257669108628,0.2924057676059119,0.6602784632779268,0.4914222877234583,0.6689949892535031,0.838836176412549,0.2924057676059119
19,0.9047180465296965,0.7407235223259758,0.5443768255294766,0.8504500524192168,0.4882644445397814,0.5925811074946621,0.4590639114994795,0.6721980508885775,0.718611701514905,0.4590639114994795
1704,0.9046899632827906,0.79533858445809,0.4370621617664126,0.9046899632827906,0.4438768865535945,0.6121444360891415,0.446574806849093,0.7456283046407578,0.8845697318259663,0.4370621617664126
1460,0.9043051893506454,0.8172455082932952,0.583082909141144,0.9507151968763802,0.6219793231243986,0.5952974923441966,0.4947624316939958,0.8073607135044019,0.8299835235139426,0.4947624316939958
719,0.90390561352938,0.8970442704375952,0.8636234504263351,0.9138079513317784,0.5757063458031517,0.7906188104352542,0.6093006009872727,0.8030939447383639,0.90385761834125,0.5757063458031517
1841,0.9038897865915922,0.7333346429343042,0.7298529699763686,0.8680942667801254,0.4803222335108402,0.744673970057249,0.7215640671974871,0.976754051797584,0.887832021431707,0.4803222335108402
709,0.9036357750764012,0.8506949556574037,0.5096416146102319,0.9520701452548452,0.3885573780297485,0.7091602098547458,0.5292522990371935,0.8111564964668827,0.903561039314166,0.3885573780297485
523,0.903467339439092,0.7650636210221167,0.6401742547847409,0.8357286103826346,0.4369822034563923,0.7169094338294241,0.525176163841307,0.9266520686606424,0.7345842448854608,0.4369822034563923
169,0.903240697171241,0.7559828834752105,0.4611042390725561,0.940389205258727,0.5756534366473014,0.7681000155188128,0.6138802069225515,0.8001200283948464,0.7603512558905853,0.4611042390725561
748,0.9032225618759102,0.7592147343106133,0.5369387643050451,0.8843006182423613,0.3719075829643978,0.7912464151590448,0.4965274315839832,0.6626477126071099,0.7765143468671842,0.3719075829643978
1536,0.9030429272666858,0.682210540806349,0.52329534338614,0.8810616257458113,0.3273568907057501,0.6839940116344618,0.3645121944323578,0.7611499079250421,0.7185470701528165,0.3273568907057501
852,0.9022316950966532,0.7534149731532677,0.5466743391180507,0.9598533126938168,0.5863788374640214,0.782039822316007,0.5847716955261985,0.795589376660305,0.8504775005311769,0.5466743391180507
1688,0.9015007355436369,0.7683667652823897,0.541918924873361,0.9649546149032802,0.4057479265867624,0.9039605119427484,0.7177889773879321,0.8535036093482662,0.8371920334124068,0.4057479265867624
526,0.9013869220855524,0.6411795329221766,0.4864880337112326,0.8915155252744946,0.5227405377582807,0.7583397631518526,0.594487165026445,0.850192166334693,0.7327742855853876,0.4864880337112326
458,0.901201354218898,0.6496011019877065,0.5484977588574641,0.8589990916510182,0.5130061050581878,0.7629952631476585,0.4899261607417608,0.7369079254644331,0.6916783350722251,0.4899261607417608
390,0.9008758340622424,0.6286415744964948,0.4118247622037459,0.8361450903621956,0.4251464336467596,0.5543836030981446,0.4376316114526763,0.6830442425096287,0.7681701369023309,0.4118247622037459
1926,0.900875834062242,0.8404725251768447,0.3877554893055364,0.8420598143995123,0.5830005113710103,0.6447659619061024,0.5357588504367938,0.8753619948668923,0.758150948553181,0.3877554893055364
1816,0.8997688728247961,0.6943737719536719,0.4374251416976425,0.9140237818768352,0.534339022422369,0.8106623326736426,0.6527672287934929,0.8187923402978426,0.8606500259461475,0.4374251416976425
1091,0.8994269255998927,0.6944960130865091,0.4136980918293533,0.8689519063741756,0.4089391215174857,0.8588941527560704,0.5104735900618983,0.7949257111974039,0.7025083228375356,0.4089391215174857
797,0.899273904771595,0.6703326450156128,0.4784720422671497,0.9384222336078184,0.5074226740394417,0.6639293442147454,0.5915755214280716,0.8573467372905521,0.7865540635643019,0.4784720422671497
1374,0.8992739047715929,0.7870789004677567,0.5002520773413225,0.9192929372161142,0.3407216734333952,0.825481279568976,0.5664513115993945,0.7658327388407106,0.7348706567485673,0.3407216734333952
1276,0.899206517850645,0.6478679499249745,0.5309590953715895,0.8019240738030224,0.5141132453094246,0.5333842147468069,0.5876725227393564,0.736154953746266,0.8262948753092361,0.5141132453094246
1393,0.899090745794561,0.6458027785157786,0.5355697086123878,0.8334533559627482,0.4376197190020972,0.6359170605847234,0.5012364197110393,0.7947351679436112,0.8890311070861046,0.4376197190020972
881,0.898861623868351,0.7837990962019599,0.6658715326643144,0.9803180933331546,0.5188391640497414,0.8264647065384065,0.5434242525150725,0.8901478123020111,0.8502684182479346,0.5188391640497414
1508,0.8985726069852994,0.7347711694623501,0.4703263784971421,0.8392461581002284,0.3990256735655335,0.5617132087972009,0.621895345162651,0.7023137991296715,0.7210558587668097,0.3990256735655335
680,0.898457370267383,0.7211590807993989,0.4888519751764881,0.8490100835036506,0.3601567547233968,0.766748799065931,0.3776814310534809,0.7902394349730559,0.8953474444349389,0.3601567547233968
1343,0.8983352462883809,0.8958999951937024,0.694866061245126,0.9256427614154358,0.4083760632669229,0.8722705541308308,0.5916254587143408,0.8394177045858708,0.9463410981872727,0.4083760632669229
827,0.8979309638639388,0.8105546029080728,0.7508561418969293,0.9668985846563742,0.6170147940769063,0.8927718730594579,0.5726178152915745,0.8342472267250071,0.7841399538041267,0.5726178152915745
1364,0.897643132320884,0.7401470149549801,0.377564113323051,0.8655355032813687,0.3790979422841009,0.6111664777395895,0.5734700567092892,0.8314015152973766,0.7480301071338764,0.377564113323051
470,0.8973223782927435,0.7913875114181285,0.7790015133940845,0.8127811570029051,0.412141114100405,0.718433166448905,0.47212896970918,0.682943483086308,0.8674520090918983,0.412141114100405
1527,0.8972536779790663,0.6505952017387501,0.4199839845821163,0.8417368816323938,0.3879373294438661,0.5624959965825888,0.5378522259039621,0.838272100574803,0.8044289893796568,0.3879373294438661
824,0.8968392112081162,0.734840431656558,0.6390731295415834,0.9115281799963112,0.4218821108863155,0.7631604918895003,0.5522515519705872,0.6833109023116964,0.6914112206400556,0.4218821108863155
495,0.8958999951937024,0.7343511685245461,0.5970127538078708,0.9465770270562616,0.4189863126239612,0.7155051248568334,0.6497437388104966,0.8583666069552824,0.8477624970048978,0.4189863126239612
800,0.895899995193702,0.6250490191485817,0.5371759084426536,0.7980519794479166,0.5727387080982023,0.5339503696154695,0.511115061733601,0.8160563037066664,0.7753519571841977,0.511115061733601
969,0.895787771025191,0.7947071983544894,0.5853054014172251,0.930950509751852,0.306477876204643,0.6108395032762617,0.5245825106314966,0.8149628637327023,0.8169025182485874,0.306477876204643
1281,0.8957454288821561,0.6751241909566565,0.5943951386427244,0.8207591023583012,0.4191981347628268,0.788792328320147,0.4254017199934207,0.7281616597551133,0.8466654518253331,0.4191981347628268
1923,0.8957053599389944,0.7941493803789933,0.5287479533810873,0.932943180821401,0.5405458092740222,0.7345419243140697,0.5682760931780519,0.7624250514965001,0.8669839739958575,0.5287479533810873
464,0.8952108311261582,0.6801910540091258,0.4249570041776069,0.8162368116073815,0.6784969970981424,0.8135683022144516,0.6162286380494545,0.7182625850902264,0.6935493883909091,0.4249570041776069
1016,0.8947364103258842,0.6784811800148457,0.608894360637211,0.8844684954165128,0.3712442797405418,0.8102544639419853,0.5503562416587785,0.7371810884078961,0.8507524806487375,0.3712442797405418
1775,0.894620357799916,0.7487333435682525,0.5024605012974785,0.9265003491301212,0.5045479999374616,0.806641070214323,0.6505820772158465,0.8598941296117448,0.7089921770304194,0.5024605012974785
17,0.8945101666467269,0.7190505970589333,0.5629586883913072,0.8121562388314695,0.4741506587690727,0.7691949183619108,0.5147518610879456,0.6886966449497672,0.7629450804159199,0.4741506587690727
1098,0.8943191098698012,0.7762936386604774,0.4856702302450535,0.8132132269383797,0.6226459361938951,0.5891875364881012,0.6762967641702019,0.8446478991348065,0.8027630788295911,0.4856702302450535
82,0.8940157366315115,0.7828892254181501,0.7558042043700077,0.8518362924076629,0.3062890234744923,0.823724816275027,0.5350470003666302,0.8549087959088991,0.8600539454963553,0.3062890234744923
1624,0.8922791174868093,0.6788329399033418,0.7539331059111065,0.9604620732880728,0.44592140055243,0.7187290036619544,0.5797461125550019,0.7642127555326442,0.7230540839059775,0.44592140055243
933,0.8916161224567889,0.7580016597317417,0.3628316027208422,0.8285099171884643,0.3541740333662346,0.7073462731135729,0.3579048076302904,0.7503975548665903,0.8440346828096691,0.3541740333662346
1318,0.8904448226476441,0.8019319446310468,0.4644807288412187,0.944318148717044,0.4064089402401434,0.7310248850742873,0.543954819947009,0.8553441791664568,0.8722386882910318,0.4064089402401434
763,0.8903237836518891,0.7372566496082325,0.5882743664509774,1.0000000000000004,0.5958363638166728,0.7476759381980332,0.5489399674713008,0.8336488196217867,0.911031988370389,0.5489399674713008
1710,0.8902184293439902,0.7958657779057863,0.4172484247789642,0.9203872269211928,0.3714559863912343,0.6291807219685069,0.5063009750744846,0.8028169835876937,0.6849812806237234,0.3714559863912343
1652,0.8902184293439901,0.8741381781891912,0.7517240962609064,0.93288948662474,0.380245144424513,0.8099044946796233,0.6241507667725509,0.9515216595109516,0.865616311835755,0.380245144424513
1842,0.8901087250340665,0.789017188098583,0.6460842994041723,0.9164481741265984,0.6338880760711029,0.753858939644169,0.6986553303458253,0.9292246527508236,0.7573438090576589,0.6338880760711029
596,0.8901087250340662,0.6692396614515178,0.5179668664268778,0.8901087250340662,0.5492918561896187,0.6636497762851078,0.6147795238464268,0.757135785229898,0.7608859627321252,0.5179668664268778
822,0.8900678330828451,0.6935086880575496,0.5891002712672114,0.8537621007232898,0.5457666844026846,0.8698654428300764,0.5109881633240934,0.8328236178810567,0.8862471901479131,0.5109881633240934
373,0.8897600156634591,0.8171706887437133,0.7505562831735004,0.9254410987890536,0.6050398262547363,0.7574419306131391,0.615916951284593,0.9214754755699384,0.8077521207943015,0.6050398262547363
1666,0.8885625167530911,0.8618459161621562,0.8647987986012006,0.9151653071581576,0.5054632698176753,0.7670101045158723,0.6527860422618051,0.8721948992207399,0.8517475684074793,0.5054632698176753
1147,0.8884468649967575,0.6465667613009592,0.5481613858347154,0.8793137694941657,0.4105440394547527,0.716421200601474,0.5577203422679106,0.8780296931410294,0.8697832341373994,0.4105440394547527
1586,0.8884468649967574,0.7900043755882781,0.5307963152722157,0.9290011284575852,0.405351876352082,0.6033507384638477,0.3650758154278351,0.8574712678101497,0.7486933004205172,0.3650758154278351
1136,0.8882735895191425,0.797817489669635,0.7926025404575789,0.942852948967089,0.4760743193685234,0.7048677549979058,0.6342199399982995,0.7549807240191113,0.8149412203389751,0.4760743193685234
562,0.8881317405730634,0.6797641801125623,0.6430943956663305,0.953676370151629,0.35806766101788,0.5682647143192237,0.5222072668991531,0.7600262053901168,0.8064034379596037,0.35806766101788
1675,0.8880324056029435,0.689380103457976,0.5750051133600139,0.920986416710026,0.5201066929112064,0.6994414101095662,0.5889792274724005,0.8851601975796614,0.6949506053132922,0.5201066929112064
765,0.8879770625811224,0.8937324973213088,0.5883564926608439,0.8977407838908604,0.4513332968554298,0.7846563042721288,0.3553920919803486,0.8354457335838442,0.8589547650111932,0.3553920919803486
1079,0.8878320214317066,0.6660500230583042,0.3922239094309584,0.8142375999497736,0.3709989435699092,0.705382403301221,0.3995861408417174,0.6524830956873838,0.690514575134444,0.3709989435699092
554,0.8873923016644413,0.7714862978698428,0.6084507496307993,0.8339730761249498,0.5609826568291199,0.7357275678022978,0.5430149399944441,0.8385329218750432,0.789901620104502,0.5430149399944441
1858,0.8869645423113512,0.7966125551769031,0.4441441708407605,0.95650378089375,0.669848680239283,0.7541163369899407,0.7392415110318599,0.8754255550497692,0.8330456286048032,0.4441441708407605
586,0.8869513685566328,0.7677814455450854,0.516212933226831,0.9653300455675836,0.5775616350444819,0.7916739456807932,0.5216769024142388,0.7878031789901818,0.8516913154627486,0.516212933226831
1658,0.8869128500269258,0.7397823141063568,0.6050716000634647,0.9574979277183272,0.4816620861573921,0.7527689965004336,0.6247205662710578,0.8315139834608752,0.8392209561795055,0.4816620861573921
1130,0.886875092554371,0.8950495922402167,0.7581266118157141,0.9333905382264857,0.3904892831034136,0.8596943915226161,0.4812546568424566,0.8068218255892741,0.8926161150996881,0.3904892831034136
1226,0.8860578003533754,0.7269313189683578,0.5998098132197814,0.834711549016704,0.5230630509203662,0.5584485054567504,0.5978166313588837,0.7570653295082874,0.7625516764426408,0.5230630509203662
385,0.8855004637993593,0.6190741367477626,0.4211280023726471,0.8927677988763871,0.3380452877515882,0.6843293075486716,0.5601337708642619,0.707111280999094,0.8937761690685122,0.3380452877515882
1848,0.8852478827740232,0.7937881127324715,0.6505699595872823,0.907625173306514,0.7293008985914124,0.8779737216344911,0.6497146324611524,0.8130557512773215,0.8572115168793596,0.6497146324611524
628,0.885134585641534,0.7593061681082988,0.5558177781299897,0.7722651007763444,0.3543263301591692,0.6547044004657796,0.5306702226730435,0.6390583296412581,0.694945044019867,0.3543263301591692
1196,0.8849334253967243,0.7427426281657444,0.5071715563674967,0.825325793789893,0.4212483658132112,0.7012366830041459,0.5971297295075874,0.7995071615855565,0.750486055358255,0.4212483658132112
961,0.8848297660088399,0.874861387038517,0.6719913306257453,0.9570785182206796,0.5281203158159976,0.9276222170653068,0.8092976090757523,0.8691400491684045,0.8242386707745921,0.5281203158159976
699,0.8847834420827407,0.763548668839035,0.7836558699060018,0.944842583850872,0.5803640130929418,0.683711796882165,0.644326070977307,0.8256038848231556,0.7695898348164293,0.5803640130929418
1330,0.8844789858095488,0.6826140845274496,0.5314561351306318,0.8041806039380395,0.4177660618740218,0.6581519396691337,0.4864834738138733,0.6930382997963389,0.8530886750775506,0.4177660618740218
1450,0.8844648184665148,0.6738326789428759,0.6658866980799554,0.8802444013233053,0.5211608935895086,0.7796470100982114,0.6866380962148723,0.8347076789709937,0.7782402453077734,0.5211608935895086
277,0.8840766148457488,0.6242906750773953,0.558591274813482,0.765993333244503,0.5219305528251836,0.6469992082146627,0.5795196544369823,0.6456899787436183,0.7941321489686481,0.5219305528251836
289,0.8839807291870033,0.6654193048560573,0.4382667028005221,0.9859861817544772,0.6280039093290775,0.7444635815919642,0.6614385767085446,0.8609524646435798,0.971771021174898,0.4382667028005221
1747,0.8837449502985659,0.7748994417740829,0.4105793935322377,0.9156647377831998,0.4366684795048083,0.809622231607909,0.5345474151970971,0.8250894380299711,0.7929544401036979,0.4105793935322377
1415,0.8835421631760656,0.7846184206940343,0.5906864329508105,0.9605572316201968,0.5888118878758261,0.8554258431995048,0.6343373121422783,0.8958302575713069,0.8958302575713069,0.5888118878758261
518,0.8829432405214206,0.6844560536690873,0.6549504183624945,0.823548602643054,0.3468886238456073,0.6859882532299598,0.5555209062724141,0.7392905398426106,0.6940701093710477,0.3468886238456073
1898,0.8822981620392175,0.7763131068802758,0.5445318204714201,0.9103322291285268,0.504322240098241,0.7415016408395253,0.6537109535624819,0.7030265395897547,0.7282969483695585,0.504322240098241
1387,0.8822007955427359,0.7979645785434519,0.5879993393159183,0.9534089487509356,0.3767615452898188,0.7546488501249374,0.6024196033254612,0.7350266871577097,0.7521176928622731,0.3767615452898188
1713,0.8820816173283822,0.7265749463589918,0.4955205487668713,0.9418118075703688,0.3511039030182287,0.8398922845659011,0.4529947319608992,0.7595115218201866,0.8142952823026429,0.3511039030182287
1894,0.8819950021951507,0.8026080002469269,0.708424407512022,0.8416609559429349,0.3053184642219968,0.6961869503288131,0.5140453639107223,0.7646612896138453,1.0,0.3053184642219968
182,0.8808108944570602,0.8001293207261356,0.6352114771830594,0.8909618192408321,0.6096842983420417,0.7511481571597619,0.5357766552706028,0.7194956549496847,0.7723728618870115,0.5357766552706028
286,0.8808035407787868,0.7908610044536638,0.5604825925546211,0.9046969984000088,0.4808134985899097,0.8237449159163416,0.7195925990340798,0.8041703266918928,0.8604829013195521,0.4808134985899097
228,0.8804975109157109,0.64009378439977,0.5446261594720203,0.9516003725399876,0.5242386675738935,0.6457868275236858,0.6307885345719126,0.7975806746117493,0.8769040802928378,0.5242386675738935
226,0.8802242419463093,0.6778525400222826,0.5736445077896933,0.8742036682277595,0.5161122778614078,0.8114053340157777,0.5985220785617846,0.7565172862073525,0.8144025954275667,0.5161122778614078
855,0.879850092054165,0.8868867630423874,0.6932761355745451,0.9087269071120724,0.2991222473277478,0.6250604622977635,0.4588638927432314,0.8892913144266343,0.8697832341373996,0.2991222473277478
865,0.8788783686996037,0.6785996291523727,0.5794383242032014,0.9371150752368425,0.5258023811643452,0.8616842475415776,0.5435695734294602,0.7952711089132467,0.7670236054252029,0.5258023811643452
587,0.8784266198612855,0.7751613306568644,0.7649506390792555,0.8147373410417293,0.3655440782470349,0.6479524542099196,0.6082887445022197,0.8084421778470539,0.778126338375484,0.3655440782470349
847,0.8782562877973944,0.8143970830635174,0.6829361226038871,0.9681271225027464,0.5821169952718643,0.7551556793711562,0.4589469521116225,0.8203899127398396,0.8651885661049431,0.4589469521116225
1411,0.8779988857616045,0.7001217379659873,0.5763586696765353,0.957497190920995,0.3134005316007383,0.6954349802931765,0.4313171585388926,0.7393566009044029,0.749309125698966,0.3134005316007383
979,0.877096420018366,0.7337370860757882,0.6104826933660505,0.9176098101125716,0.4869709721555475,0.7419300969329297,0.527641837985205,0.9579195217305956,0.8416609559429351,0.4869709721555475
1307,0.8770964200183647,0.6569941441179771,0.4105219896939136,0.9560796535612404,0.2973555712961827,0.8350499057520978,0.487208438789902,0.8532027259734997,0.7778223308483304,0.2973555712961827
1972,0.8766191994762931,0.6839517784284291,0.4839564251919905,0.901111423164951,0.3451161615300261,0.7816700490647415,0.4639105499561273,0.7037861928729914,0.7696494863493708,0.3451161615300261
670,0.8755590064949592,0.626942664302898,0.3922136715790414,0.9210974523467228,0.5437037299902987,0.6943195528916888,0.5760790395914747,0.8371139065695313,0.783789301828918,0.3922136715790414
349,0.8748624134000236,0.8410511587361253,0.4316108854063038,0.8873778352033883,0.5086570846093574,0.8235875582872463,0.4762350147117131,0.8847490713568291,0.7777925304775551,0.4316108854063038
1089,0.8744912526907699,0.6388383995092678,0.6331006548360166,0.8620363034466995,0.4457075056444751,0.8019783064439242,0.4890258622517993,0.808010774477452,0.7332039587250416,0.4457075056444751
1634,0.8743533903072167,0.7448125241146354,0.6200830936583397,0.892577754339661,0.3910797556860708,0.729007902609123,0.4419817785692808,0.7741024063600643,0.8478423692188601,0.3910797556860708
1255,0.8741013665982468,0.6917524108292504,0.5148770533543783,0.8206137792486663,0.4648537621555451,0.7424354020604205,0.4973172744172383,0.858140304955057,0.7858351838479499,0.4648537621555451
608,0.8740944533779061,0.75094818252055,0.5235538119175251,0.9622369993365726,0.5028172575335983,0.7008727848189935,0.703310014606245,0.8658584441098377,0.8928044994040034,0.5028172575335983
845,0.8738963582569165,0.679883367619776,0.5149304219111936,0.926155742398133,0.6030248951821751,0.7906998057029607,0.6304456296695675,0.8346491366440743,0.8410461352181914,0.5149304219111936
1287,0.8738128604210612,0.7369932650803128,0.3823966264124865,0.8770014199048187,0.3572901951495887,0.6893334164200503,0.5633920207857752,0.874844810330431,0.8430922881216577,0.3572901951495887
1794,0.8737664256919242,0.7826637618590925,0.5667280924255443,0.8949846778315624,0.599898943492275,0.6942160795302768,0.5004699307095617,0.7599952765499831,0.7683537767478859,0.5004699307095617
257,0.8737161285637447,0.8949892464398895,0.7384661305948491,0.8737161285637445,0.4429144128964479,0.675576005438179,0.5625913188571462,0.8528190974731541,0.8737161285637447,0.4429144128964479
553,0.8737161285637446,0.7353175654866131,0.4188326556372198,0.9658581106092438,0.3240086674910272,0.741144059849138,0.4486513342819064,0.7527774001940503,0.747526180187595,0.3240086674910272
541,0.8737161285637446,0.6259920329211642,0.4212249136422863,0.7943825679009013,0.396915071566956,0.6518923913073813,0.446511759868037,0.714968136126004,0.7338299474819928,0.396915071566956
1488,0.8723458574700355,0.6871021100285631,0.6134497594536046,0.8772525638618599,0.5532125904682642,0.7278372548004726,0.5004021728925246,0.6831497245147754,0.8594467615076793,0.5004021728925246
1750,0.871615455406623,0.6191591699524012,0.5227905997486488,0.9003703467108913,0.6427111874444962,0.7692593608495871,0.5433431887051889,0.9368566045321428,0.8437717863746853,0.5227905997486488
542,0.8705533148961693,0.7797588389008319,0.6983853740229667,0.9102433714974992,0.5607545695738766,0.9022336789351204,0.6196757407343914,0.8443499651436556,0.797531090051708,0.5607545695738766
45,0.8703198343205204,0.7722907241237374,0.641222353451196,0.9284612617144902,0.3072026845308188,0.7548500613142022,0.5540456914172717,0.7154825069038364,0.7430919623459299,0.3072026845308188
151,0.8699352417271771,0.7910995027558279,0.3941962931884125,0.8141184398330813,0.5697098524305467,0.6556012124743201,0.5996241999676352,0.7645459816157659,0.8611477418192364,0.3941962931884125
1961,0.8697832341373993,0.7046489898948339,0.5037922247539336,0.8587617090712528,0.4082921854412498,0.5721000323291127,0.411619003389225,0.7400501711217388,0.8020713630149484,0.4082921854412498
1367,0.869658982370218,0.7857813475939032,0.624727871360791,0.8967755573230992,0.4239647571197764,0.6803775984946006,0.429445551388422,0.736219928093831,0.8412776738250917,0.4239647571197764
84,0.8694921719187622,0.6196808797217681,0.5923459498002875,0.9804331969030876,0.3828820776582892,0.7328218526142438,0.4429060669553152,0.7438441089545184,0.7393532357300769,0.3828820776582892
940,0.8686636305816797,0.6490318978466352,0.5464742855410893,0.8398174121264865,0.5050740697494439,0.5454757827181722,0.4620042441967097,0.8472099895503052,0.797199565254227,0.4620042441967097
1541,0.8680942667801237,0.6066953947389107,0.5497806870806753,0.9101113851286258,0.4029541612689818,0.6826944946658573,0.5888768463312793,0.7273373239555442,0.8878320214317068,0.4029541612689818
1239,0.867823633427534,0.7300232147003145,0.5680602152525012,0.8595330665521582,0.4319050386132467,0.7483580808775907,0.6064777832656933,0.7957828866816098,0.8678236334275338,0.4319050386132467
524,0.8666186237327447,0.6387061026987608,0.5927347395978234,0.9179560541525598,0.3045625658518308,0.6694188517266486,0.6177219198228872,0.8655355032813675,0.7255189824921086,0.3045625658518308
1022,0.8666097110742184,0.7018915809109265,0.5805906846371828,0.9132162655588107,0.3988145778785804,0.6288362592327259,0.5425125374875657,0.8234948200076265,0.8365981235540445,0.3988145778785804
899,0.8660299042361445,0.729351745506426,0.5365141929536983,0.9258556588151692,0.5581314485206914,0.7007640000731843,0.465130671867549,0.6923425286539205,0.7178006709028761,0.465130671867549
359,0.8653159513304126,0.7258365928203003,0.5126471181836899,0.8859473440043885,0.4762204855417841,0.6824958998688901,0.5084641570473336,0.6949357808827236,0.8518361650911265,0.4762204855417841
1290,0.8653101215505098,0.6603658997819488,0.4940321447465144,0.9145863431301848,0.3387587252014962,0.6591418597352323,0.5237652385995291,0.7305222186733897,0.7567350405567635,0.3387587252014962
1125,0.8653063416375733,0.6647103764518398,0.4090741966467144,0.8856871252482321,0.574235120795202,0.7591681315832075,0.5603786067833393,0.7621024220124548,0.8037025059204391,0.4090741966467144
991,0.8647920296756682,0.6665511274675033,0.5550398487753078,0.9859861817544772,0.3205316040542809,0.7253646778226315,0.4057090738833845,0.748664489389128,0.8647920296756682,0.3205316040542809
105,0.8632482085271959,0.6938718008247753,0.4753473697022867,0.888393012394648,0.3546038886290885,0.5550726584239545,0.4707398054463731,0.6406152214703746,0.758783262601224,0.3546038886290885
153,0.8629408636845374,0.7168456286945539,0.4458687993944469,0.820020739282118,0.4778773822633758,0.820020739282118,0.5900290365383268,0.7347686834753491,0.8763511049989045,0.4458687993944469
416,0.8629276327122044,0.6665412803476856,0.4827495685533107,0.9447667307857038,0.3314968019931311,0.6135837371954331,0.4810327368141927,0.7998195014043883,0.8648592718269006,0.3314968019931311
1151,0.8629172769450993,0.8625236187432416,0.5851500772327471,0.8762896802202417,0.344039862765074,0.6820854264175414,0.644373647401177,0.883334247096524,0.7675283447531893,0.344039862765074
891,0.8629146934283684,0.6646407299398842,0.6219224504466933,0.7780506348097549,0.2951096419980812,0.6655142457127385,0.4037732219929336,0.665054848325402,0.7402488607167951,0.2951096419980812
113,0.8629146934283682,0.6439599226771887,0.4010095595782326,0.9217062351190388,0.4989202002690666,0.7240057742286405,0.5677754343916884,0.788468425820093,0.8685035683629384,0.4010095595782326
863,0.8627308763190273,0.7298078396291816,0.3983444808856132,0.863538042036202,0.4548405119719085,0.5699597181705452,0.3686261288899367,0.8279109426899799,0.8296172514458855,0.3686261288899367
1406,0.862514876874481,0.8145671238088047,0.368695605749838,0.8938132028117884,0.5539748970559407,0.6496634328575941,0.5963227426149735,0.7857390283490836,0.7770516445708635,0.368695605749838
1378,0.8624585196249674,0.6731360039980679,0.5396013498346001,0.9174174123452672,0.4458936355889163,0.8663021314412334,0.374718021357358,0.8532979520836375,0.7384355174877845,0.374718021357358
271,0.861617690731356,0.6807700312129125,0.5904908032233512,0.8403814828598646,0.3498477999106537,0.6241712090128733,0.3842628132645846,0.6326515627748751,0.7122227334381812,0.3498477999106537
1438,0.8613737183648382,0.7737682424914271,0.6110216219695307,0.8310804078719642,0.6408583517952299,0.7996764892801935,0.4398200793404855,0.7744278431250421,0.7843947084558612,0.4398200793404855
656,0.8610319812976012,0.736827896136379,0.3755946939280372,0.9038508546465182,0.518434972866927,0.8639488312831877,0.704959234061381,0.6907069696387633,0.8260274487931328,0.3755946939280372
1506,0.8606600335147637,0.7007926639983226,0.5491112447219011,0.933293414229504,0.3636876812719168,0.7663946466003005,0.4638511732825283,0.8273448738242497,0.799465425531174,0.3636876812719168
782,0.8605753120310069,0.8057964073833589,0.6717294283211054,0.7935661758004295,0.3126165999273234,0.5726118721159422,0.5891677895061662,0.7309980763959651,0.7312657333928334,0.3126165999273234
604,0.8601997952351708,0.947616049301492,0.6484040743655167,0.9848022533420095,0.4719852027422888,0.8750557885443724,0.6862475145170088,0.8938748442125087,0.8833539099923057,0.4719852027422888
1886,0.8597758880622113,0.6402629224337758,0.5042242019864693,0.8729859069320007,0.557708805025468,0.7399744527373484,0.4462970587235569,0.7702715407529669,0.7794734589535864,0.4462970587235569
1824,0.8586078901307167,0.6842396821366086,0.4623688265788256,0.9643536437902156,0.5073821937342426,0.8384601663711405,0.4119269173393959,0.7438377075894992,0.8341608091541396,0.4119269173393959
767,0.8581306529333663,0.7336496124702524,0.4185880888219589,0.843499814908297,0.3200984336634211,0.6457453822038616,0.5233528122274737,0.6888072224328037,0.8007167121041504,0.3200984336634211
868,0.8554512888733541,0.7226300815388857,0.5292459325206109,0.7949789192536227,0.3920487004240673,0.6348183528618283,0.4584915970718768,0.635937304188737,0.718836883232358,0.3920487004240673
1646,0.8552021449536863,0.6622684328747478,0.4563902282491168,0.8638209335258716,0.4278167830311774,0.6139034414277565,0.5448735448340003,0.7496776001103738,0.8090898073336409,0.4278167830311774
887,0.8552021449536863,0.6735822500324675,0.4817725371574689,0.8728819388207207,0.2932345026172937,0.7478635314762874,0.4296021925324688,0.7962010496753839,0.7018412347371672,0.2932345026172937
1709,0.8551997173222828,0.7635133436744528,0.3529008553098313,0.9820384068760616,0.5356203334150583,0.864220487356465,0.542248375084918,0.9683329428609702,0.938259786772046,0.3529008553098313
971,0.8549880118105808,0.8146683198166325,0.6666716581565219,0.8717978352441627,0.4489516858831552,0.7676450233163302,0.4687806341041393,0.8019994651689554,0.8565380856709905,0.4489516858831552
1456,0.8548779877240491,0.6473286337513885,0.4053157113777829,0.8469211065075484,0.3025202583756682,0.5975040738158428,0.6582451013299583,0.7665445789188169,0.8812470030467264,0.3025202583756682
1220,0.8544195784546907,0.7392831977798884,0.6170815890344858,0.8516623751344863,0.4190508161019455,0.7399559424225824,0.5042673285257424,0.8247234253517708,0.6905645004892799,0.4190508161019455
1890,0.8542102784881487,0.7140867675625295,0.4993887133084707,0.9372418959890958,0.4894337324480454,0.8261640773583472,0.5612689721551801,0.8383919146579716,0.7816210090432474,0.4894337324480454
235,0.8532579736272234,0.7215106546573201,0.7302295498340982,0.9541945730539544,0.6231851607602015,0.772311219506813,0.6589391495071404,0.7811167051925334,0.7194722992536021,0.6231851607602015
1578,0.8531122774758428,0.7546305190528034,0.6173115326080097,0.8407332524479955,0.5129346238072094,0.7349283123120741,0.5481529245958293,0.7951568682526021,0.8060223918555063,0.5129346238072094
917,0.8531096129178749,0.7035756956522343,0.404392571564677,0.8718898416735512,0.5249755920904713,0.7386912449483986,0.4193590781629261,0.6759930242516818,0.7106929756178506,0.404392571564677
1905,0.85268731782792,0.6446299223714818,0.6051493919435852,0.9537900834750916,0.5004308274951104,0.6585666927896566,0.579543072729835,0.8597298260210856,0.8081256306910001,0.5004308274951104
47,0.85261963219329,0.6539754087569801,0.5576990142950873,0.85261963219329,0.3243467226869278,0.8114301161975616,0.3876556395627422,0.85261963219329,0.8199123179340649,0.3243467226869278
1523,0.8524476760920718,0.7746615094739788,0.5858920226170764,0.8818967438880597,0.4618521052136887,0.8903419894087985,0.5034414483503444,0.8690402571846616,0.7267947466264512,0.4618521052136887
1630,0.8518104534281117,0.8200455498330299,0.6035274317032767,0.9130740900031084,0.5955646916148151,0.7639438784128473,0.576421884028582,0.8415545021038355,0.8652436476430426,0.576421884028582
1901,0.8512338925677433,0.6845049120019878,0.4868233796258729,0.8669807521400634,0.5537528826695524,0.6134190158749687,0.5255962850222117,0.653701095602499,0.747802302179514,0.4868233796258729
1187,0.8491745171728132,0.7067146578594549,0.6073644890124122,0.9148986872867074,0.2946867303932755,0.6253952392790972,0.5170562719226777,0.7698688336223705,0.8491745171728133,0.2946867303932755
177,0.8479498881168356,0.8392300101315758,0.4034943134534012,0.8997631303194448,0.5332972594388198,0.7340164234592991,0.4981730099263361,0.8768674943695658,0.8513258701243538,0.4034943134534012
284,0.8477657074794341,0.7412364326555593,0.5320715119080414,0.891093427753771,0.4001605485363121,0.7967504791974775,0.5169798002777254,0.7507355384277913,0.86021564390571,0.4001605485363121
1496,0.8473579370856392,0.7034220383163917,0.596383241273423,0.7731924314324015,0.3436152295211198,0.7210906257286318,0.371364722731263,0.7737903605222203,0.7523129818026479,0.3436152295211198
1001,0.847086863209393,0.7064721590442552,0.6782005527377979,0.8516913154627488,0.4577492377121046,0.6099567195667811,0.5161807533496744,0.6243086466500163,0.8827716123514348,0.4577492377121046
1732,0.8467300232507173,0.7111309901499057,0.5615434674681865,0.9267726470371962,0.449633774885726,0.5640087533223418,0.4994011123281232,0.9434858043616624,0.8381336791684403,0.449633774885726
478,0.8450659563268239,0.6330150017274523,0.5854520539197738,0.9574192917016574,0.4793913040464647,0.847923426816274,0.6060370688157888,0.8183501729668946,0.7133629404231027,0.4793913040464647
633,0.844354370125396,0.7994408603376714,0.755245810926356,0.860952983478003,0.3830451501419715,0.6547103080135442,0.5925019773361815,0.7780720328430489,0.8818669060662016,0.3830451501419715
1712,0.8442697333275718,0.7471993646045595,0.5132500056521204,0.8445436284194912,0.2974172372158238,0.6363367642993359,0.5484291307116894,0.6752880168188619,0.7265269531314748,0.2974172372158238
1549,0.8442066753904552,0.836123861561779,0.5523521861997391,0.9164957490269064,0.4465607188402353,0.8583949279872957,0.5276680346859002,0.701199506758114,0.7288628927325179,0.4465607188402353
1980,0.8438756173370922,0.7463027484106557,0.3927952766564095,0.8525777609256393,0.3926336158506336,0.7782412208501006,0.5707886738864353,0.8125333568517952,0.8591923752391506,0.3926336158506336
772,0.8425069422720316,0.6732335376292227,0.510942954478078,0.7828350770579825,0.4414173297134571,0.573330961683288,0.5010941570509151,0.7611433777259374,0.7664814413049839,0.4414173297134571
786,0.8420078239405996,0.8063790033248696,0.5716620767354006,0.8709664033311548,0.3909284358929198,0.5703004849419651,0.3731113551866285,0.714261012496583,0.7580874975704714,0.3731113551866285
207,0.8420078239405994,0.6986651230997853,0.5631843777309915,0.8709664033311555,0.4128342017637807,0.5861599877364322,0.5224393735576276,0.7362626535427285,0.800266085316326,0.4128342017637807
801,0.8416609559429347,0.7683048612097566,0.6104826933660504,0.8833599046623154,0.5316605266786011,0.6700986481890319,0.5407876001911534,0.7296701194696147,0.8628381519259675,0.5316605266786011
645,0.8412305677795169,0.7914485300904289,0.5654257185761012,0.8858925441582733,0.3743772509899169,0.7998618978978268,0.4277687138839876,0.6458508245524746,0.7116275135672108,0.3743772509899169
1831,0.8412194887029273,0.7428651990525514,0.7436454192281103,0.902919223130229,0.5184146715989353,0.6774753228629479,0.6211294148545892,0.9099852675241742,0.8399960174725413,0.5184146715989353
1869,0.8406080768258632,0.7832821808456457,0.7086271340748793,0.9272086068574996,0.4099733785217206,0.6700820586384937,0.374772897634257,0.9678363573319468,0.7930838457649295,0.374772897634257
1075,0.8404988465250126,0.7641339437140404,0.4204374331573624,0.9729315083416836,0.3836134597498404,0.5802149040977175,0.4588070955737051,0.7213072061462623,0.7116809465778594,0.3836134597498404
1736,0.8404345928152425,0.7311715178768827,0.5649405935581872,0.8373486309206075,0.4653249740054811,0.6680068428129068,0.4945059550291736,0.6960026111770728,0.6900047511779486,0.4653249740054811
1948,0.8403814828598647,0.7375849686232604,0.5360677792671323,0.8445551328915027,0.3564729747844359,0.6561538621030412,0.4928767110503553,0.8417109739516581,0.8087939527242686,0.3564729747844359
1518,0.8397638805244642,0.7630671667207393,0.5610896373529388,0.8339693523194049,0.8228098097081697,0.5924289068543395,0.4326358393446489,0.8643461121694336,0.7886664001617524,0.4326358393446489
1491,0.83965914000873,0.7624829417747279,0.4426329469213141,0.87429976193348,0.5553662342471566,0.7072767538055131,0.6534447612153801,0.8774035475240611,0.8074335406477526,0.4426329469213141
1260,0.8383836294250075,0.6688526073794878,0.5373889672243995,0.8051787122069363,0.6186432250078074,0.7205457724698257,0.6060324285645189,0.7366907403449285,0.7826294469094254,0.5373889672243995
760,0.8382663861916189,0.6197228426146771,0.4656594311629143,0.8314293819284325,0.55629919891634,0.7096425631066079,0.5581562936372099,0.7928753910734618,0.7095408471872657,0.4656594311629143
1592,0.8370222949617425,0.8012832679731285,0.6272854320464609,0.8839293221724689,0.4673556119186347,0.7253382948099366,0.5873188022663045,0.7901172760111894,0.69734248638161,0.4673556119186347
788,0.836293519125656,0.6888939664014059,0.6116656490316421,0.9174210261937372,0.5607526050176496,0.7243958673613348,0.6034140623477491,0.897028133991989,0.8611738074701724,0.5607526050176496
1265,0.8357524148182317,0.7760730598394932,0.5201090477613061,0.9161063383989811,0.4803587075270848,0.7144877446370185,0.4763298395682454,0.8547035878316768,0.7881153258075859,0.4763298395682454
802,0.8355273611811203,0.7306893912794439,0.5829560721459778,0.883552862007916,0.5256723490403651,0.5362014929919412,0.7154855702033192,0.8413238902853887,0.7463543381450515,0.5256723490403651
1197,0.8355046866716824,0.6215877256537125,0.4629277651854951,0.8178500074618358,0.4445491862047858,0.5815283008179043,0.5225268560915465,0.7451357823248231,0.8216074502370383,0.4445491862047858
683,0.8331972945532791,0.6854871276589913,0.5496867552687437,0.8972952520543951,0.4199189841757315,0.6851602503474643,0.5716774773647487,0.7718347804640558,0.814278551457872,0.4199189841757315
1968,0.8327218118310167,0.6357138921514133,0.574724590100266,0.8789663244708447,0.4442936067121394,0.7607853460436569,0.3716215943319744,0.6620579671868237,0.6868324370461119,0.3716215943319744
1803,0.8322714240224841,0.6127125646101443,0.5294892276414112,0.8737161285637446,0.3545290195626717,0.6357088852818928,0.366990427688623,0.7597156174870252,0.7085862070583704,0.3545290195626717
833,0.8320762054270529,0.8021082869932395,0.5606198437295613,0.8320762054270529,0.5006037854867513,0.7264984780181675,0.4642421589153215,0.708601083387317,0.7839277596313856,0.4642421589153215
1955,0.8320497820764945,0.6077423100010917,0.5042847024651377,0.8614311786334733,0.4173743809675803,0.8558461416838071,0.4927883465021669,0.8384397493067284,0.8406911619299257,0.4173743809675803
318,0.8316339257581347,0.8149596413464905,0.6621550575473836,0.9089896499474636,0.4453587894276365,0.7523413618527234,0.4079671299381259,0.7175139299595871,0.7540890489136641,0.4079671299381259
1018,0.8316225027563566,0.8916240516570558,0.7273686334117407,0.8753524511455508,0.5231526195297649,0.6782130503876276,0.4932051973906309,0.8247882230909585,0.699656187897005,0.4932051973906309
1966,0.8312875243670541,0.6752021021289677,0.6013453512940943,0.8806212163840144,0.4746225912870437,0.7719284974157989,0.3527072575323738,0.7269619083838024,0.7901038423125797,0.3527072575323738
1097,0.8306916544951803,0.7411657712594911,0.408385537100684,0.9461768661884148,0.5054926177025927,0.7844426452079012,0.5899689257320022,0.7191445790010229,0.8360587160589688,0.408385537100684
939,0.830513936888214,0.7222069920823742,0.4651189196902892,0.9384129792080536,0.5623721998398409,0.6561084403237654,0.568370391131728,0.8252091300479585,0.695406452786146,0.4651189196902892
970,0.827762564639517,0.6878488993453825,0.5290486725045547,0.8933400511501461,0.4625245497701566,0.5752017244957939,0.4443977719478419,0.8023279674233155,0.849987601953427,0.4443977719478419
322,0.8273542142398366,0.7829970575379004,0.8344860360143118,0.8981281292283796,0.4460500130932338,0.6257297866499829,0.4773165375144622,0.661114775881486,0.8518957021554362,0.4460500130932338
1964,0.8272802956363391,0.7564933678615481,0.6845400616503875,0.893385129590391,0.5347491822775033,0.7527932883802491,0.6029688044020273,0.9406170111219222,0.7894206639695208,0.5347491822775033
1582,0.8268572856709201,0.7881506606601361,0.5781572287250762,0.8474723538738403,0.666028582746138,0.6208187907201801,0.4455238756239941,0.7980334805741254,0.6969820864739779,0.4455238756239941
1390,0.8259725248520277,0.7205814478646821,0.5288514346051868,0.9422698676362214,0.6171055339449193,0.7795745257990564,0.6052377598631842,0.7998073664281626,0.8704136321042001,0.5288514346051868
1011,0.8254812795689764,0.7613460895624964,0.4778563645876608,0.8096126333381145,0.4698478932154766,0.7367773893275922,0.5076618475741759,0.7361597631685475,0.7571394317163567,0.4698478932154766
1202,0.824935543019589,0.7335843992624637,0.4991658639273021,0.9302216429146314,0.4409915421201318,0.7071134187158573,0.4998811880504376,0.7689440494414443,0.8266006410608118,0.4409915421201318
93,0.8248461800632112,0.6616526480978391,0.4875739645066129,0.8377339661160881,0.4355620315371232,0.6344523211661685,0.4470691832741195,0.7817227456447696,0.7971449102216953,0.4355620315371232
1015,0.8241778341722109,0.7346847082677376,0.6583024277374993,0.9209086727393534,0.5238522397141598,0.5498171260947835,0.4314220723914393,0.8104161086727285,0.8102001985855867,0.4314220723914393
1070,0.8239833443075453,0.7232045728606609,0.6234821975354549,0.8079205757019345,0.4720284068945214,0.7571838352435271,0.4622499759621912,0.7697858319296063,0.8030835844648728,0.4622499759621912
950,0.8238207400357554,0.8136721141494152,0.5129269937281465,0.9008306510413684,0.4000814450496298,0.7973049266416401,0.4593058327466657,0.736717138678095,0.7525578731034568,0.4000814450496298
334,0.8234635806113392,0.6100951171637192,0.5447080829958282,0.8884468649967566,0.5369991304960285,0.6644884139006862,0.5492426038375484,0.8129125858800154,0.7715160508733332,0.5369991304960285
1851,0.8228474469552441,0.764792453066863,0.5831986824902767,0.9078553257292112,0.5456136226792917,0.8329732716407748,0.4208653980080041,0.8835994341365719,0.816884097462956,0.4208653980080041
1599,0.8218245365079776,0.8043039507908134,0.3742742699521637,0.877627783889495,0.3364347716056078,0.5821787839249113,0.5299866582407663,0.6613927307134065,0.886716824791577,0.3364347716056078
433,0.8200207392821178,0.7009571437824286,0.3789400015481521,0.8981926013650198,0.4790258661763894,0.7813266416073189,0.6781395372946948,0.7528785203324977,0.7807464341315934,0.3789400015481521
625,0.819480303401292,0.7025227845957775,0.538749175106846,0.952373324895682,0.3795886855957704,0.7517133939882851,0.598896556139428,0.7533233878633707,0.7731896706873873,0.3795886855957704
449,0.8192528910185926,0.6774707018845931,0.3852973691080106,0.8372739443549334,0.3051926982148059,0.5728092443343353,0.4207777059567577,0.7606629888038314,0.777395049115309,0.3051926982148059
393,0.8184610442431562,0.6719472991952428,0.6359868433520615,0.8784632259365778,0.5322313152619579,0.690044143101674,0.492865885537335,0.8483421142654368,0.8712565743244524,0.492865885537335
1493,0.8181064555555254,0.774044856182587,0.6204997945810573,0.9169167372309992,0.7273917301165469,0.7223868962392598,0.6317840084872614,0.7840496917617024,0.8233804102456423,0.6204997945810573
857,0.8173593724976336,0.8144457094471117,0.6593325249443734,0.8714579829008304,0.3665131066318818,0.5584725819382912,0.567480090988141,0.6842947559241409,0.7877660996285144,0.3665131066318818
1498,0.8169631955872899,0.6476104627703636,0.502977830753397,0.8383612413224821,0.3240520941151485,0.6940281105721304,0.4437925416259493,0.7980469190006044,0.8162178383217332,0.3240520941151485
386,0.8169027293123168,0.8081715265760934,0.5440074046891307,0.8927072202644835,0.456297090036505,0.7470110207011418,0.6436703795455225,0.8725646347554988,0.7485007263147212,0.456297090036505
265,0.8168118395252847,0.8066209568583389,0.684216202412378,0.9146232060088744,0.588448715765685,0.8639028887004002,0.5512595801041061,0.9000029980380477,0.816195077172948,0.5512595801041061
1051,0.8166257194002818,0.7170993401375775,0.6283376935753252,0.9372418959890958,0.6696730127200216,0.7058598890235066,0.5465643306301207,0.9681125430388228,0.8227129441452146,0.5465643306301207
652,0.8161424903763856,0.7605194138253444,0.5610362346052964,0.7738915663585615,0.5284198148827237,0.6610043545458947,0.6113380300758093,0.8077500490139614,0.6844498849103633,0.5284198148827237
653,0.8158670884409189,0.8174339751158456,0.386136279966557,0.8787703404215157,0.3542174620648555,0.7293088982379085,0.3676648200083433,0.6453425263246195,0.7925585666875099,0.3542174620648555
1200,0.8154992381096264,0.6456755046926119,0.3905410170017031,0.8441617168686897,0.4310971197386653,0.597394775242166,0.4907261720868441,0.7188097699792437,0.8004443424422404,0.3905410170017031
846,0.8144266537458977,0.7998476920228537,0.6692719676243546,0.9056688899785922,0.4516113665229594,0.7090546485460165,0.5710969635847547,0.853411897417305,0.7642170357829222,0.4516113665229594
928,0.8143833503079118,0.7837389649611893,0.7407900833725006,0.9675892012612046,0.4163924100997873,0.537028598389199,0.6886591020549406,0.871692453036216,0.8408100364312306,0.4163924100997873
647,0.8132132269383797,0.8643707607220971,0.5805291370390188,0.9032225618759108,0.5768027893466167,0.7380443912604577,0.8008919272621299,0.7736753693468762,0.8132132269383797,0.5768027893466167
941,0.8119424373531106,0.7052265273654909,0.4572956594175262,0.920650053774942,0.6356167628556901,0.7163839483703048,0.702577997137963,0.8339113116885751,0.8932225578478513,0.4572956594175262
1376,0.8117988666122791,0.6974183116566556,0.6334397066011223,0.9375140380587196,0.3710595582715253,0.8016379599702385,0.4897316202774844,0.7879524411984709,0.7451790461979223,0.3710595582715253
1937,0.8116805122190963,0.7222714560802133,0.6040985042183129,0.8782308627273842,0.4165795888808739,0.7495807572622476,0.3774375353025569,0.6890817878992569,0.9068647710293352,0.3774375353025569
387,0.8113301246880232,0.7693054212484064,0.6262270023733633,0.8644742948527495,0.4407606805587368,0.6388038202186005,0.5780435454806218,0.7381610860568786,0.7524530036432007,0.4407606805587368
837,0.811011096541078,0.6490868543038634,0.5756996526057532,0.7773086600319711,0.3645580786972762,0.7157632146956416,0.4338810249585023,0.7606095485010559,0.7413822405794241,0.3645580786972762
674,0.8100797964314279,0.7873303348631179,0.4690643398783629,0.8611193639834223,0.4203164946471269,0.7478439194740729,0.5283914241321634,0.7293141918974001,0.8077873029294141,0.4203164946471269
1261,0.810035445720982,0.6331754257749589,0.5320455217646267,0.96650578983749,0.2998981471188698,0.6553601384682682,0.5251122981903862,0.7901772783370008,0.779575874050284,0.2998981471188698
26,0.8094871820141116,0.8882989581801718,0.6439953392327414,0.780540587584053,0.3349950437123495,0.579165540292586,0.4898707648971081,0.817404591306367,0.8569707505795932,0.3349950437123495
1146,0.8092185476607893,0.6229003902721534,0.5456931341294721,0.9258564576099756,0.4810641028277179,0.8308298048181764,0.4778936292281673,0.8772824616843872,0.9059104538077376,0.4778936292281673
701,0.8085403419362791,0.6547541400309674,0.4599636627894095,0.8909436510505316,0.389150286275757,0.7351938012018743,0.4803340548322933,0.7460499897525256,0.8312749274266353,0.389150286275757
124,0.808462798323314,0.8575490278701503,0.483794543034803,0.8297176200523536,0.5221684088596998,0.9070815911868234,0.5359789139742616,0.770923596382941,0.8109018287425672,0.483794543034803
1715,0.8081388782977388,0.7205240587988243,0.6154887955471213,0.9396423189549236,0.3650463803102285,0.6132946352083164,0.5587345127293131,0.7885843745689961,0.7912017683599335,0.3650463803102285
280,0.807707679376879,0.7166767031673127,0.5631381466220309,0.7799768005273682,0.3260412077813642,0.6045789346046279,0.4126633340075661,0.7480731338764365,0.752622776230512,0.3260412077813642
534,0.8074298079537096,0.7654738094830833,0.4717852263186768,0.7966125551769052,0.4778847784147025,0.7452957032751368,0.4583594322669378,0.7162834813349551,0.7882380896370625,0.4583594322669378
739,0.8056570450734769,0.7002407369798272,0.3964067723227883,0.8355046866716824,0.4509829999738313,0.6941290899331434,0.4649387817756578,0.712390595162588,0.6976361513746527,0.3964067723227883
1933,0.8050765311722261,0.7903014108118447,0.5160881212839544,0.933988149210125,0.3906725244649229,0.7204657423240438,0.5268441081459727,0.7430545491580148,0.8176248743613808,0.3906725244649229
632,0.8049969258923038,0.8383750094301629,0.5113379325828656,0.8713298865830258,0.3184404323063194,0.6093946703889276,0.4393661654267751,0.822763287177674,0.7493574557188593,0.3184404323063194
1861,0.8046068532076235,0.6727419012373307,0.4461500048781174,0.8604302842547837,0.4003120573510215,0.801452757092197,0.4648138172388343,0.6701884216713897,0.7772415792649527,0.4003120573510215
1244,0.8044845342073549,0.6492146482889802,0.4397511723849039,0.9093119546524798,0.3568798541845604,0.6241710743458548,0.4705131169719872,0.8845939058603197,0.7326373727020794,0.3568798541845604
922,0.8042517966297013,0.6303145477334791,0.5119136063101042,1.0000000000000002,0.4217643379694022,0.6471560450756458,0.6733674208354283,0.8859184610602042,0.7675250681494364,0.4217643379694022
1455,0.8036870967677309,0.7451650776540081,0.6043778902374198,0.909004231947356,0.5646029997159652,0.881475178193519,0.4851582318575254,0.8829432405214206,0.966330926023358,0.4851582318575254
1149,0.8025835777648326,0.6824029296563358,0.7495958871569565,0.9112460934927674,0.3178443133940299,0.5614648144050755,0.3877397021093661,0.695207160346406,0.8407778624739729,0.3178443133940299
813,0.8021951028166908,0.926434015870098,0.5235183737459215,0.9134556508723972,0.500028972520889,0.7541009852586541,0.6454360383985519,0.8073284698076499,0.7151303868500472,0.500028972520889
1474,0.8021082869932395,0.625944204981678,0.5904992183740456,0.9004486148282845,0.4133860608326125,0.6291532274856543,0.5161722309015421,0.9231550311264034,0.9239535357171464,0.4133860608326125
934,0.800850021608538,0.7304366157454232,0.4386144297878478,0.8179247768699224,0.298539646562626,0.6435774276180405,0.4455780728495001,0.6969599749276373,0.7867343988067238,0.298539646562626
198,0.8003280472017847,0.6435545347036667,0.4556357646511705,0.8486662253694813,0.4672891842439236,0.5693063428505928,0.5247406873069255,0.7806405750744777,0.8262948753092361,0.4556357646511705
615,0.8002567495765819,0.7552101615236082,0.5138027272074052,0.886233575691196,0.3652589956526307,0.5750184950770134,0.5091257682900596,0.7420833630027707,0.8524443022016212,0.3652589956526307
1359,0.7957741599484663,0.6646076938511373,0.3887157240725736,0.7932828889741639,0.4933068830725184,0.6179648712310959,0.477414346881418,0.746581473765392,0.752219672165081,0.3887157240725736
1177,0.7953546896521472,0.8043644453427992,0.6400651833041733,0.7707175991308165,0.4198450388739601,0.7003251153160028,0.4379122875061922,0.7685007912321349,0.7620106775207502,0.4198450388739601
1566,0.7953238742120708,0.723295155983503,0.5910603923510845,0.8064803565923888,0.3631896630878855,0.7420140303111645,0.5790035127414844,0.7244166087593884,0.7950981033032318,0.3631896630878855
1854,0.7950734859826489,0.8904507582664081,0.7386338006993284,0.9022635913524328,0.439576140150628,0.6182325684486523,0.7795551235019103,0.8713850156696258,0.8625416366750505,0.439576140150628
814,0.7950184267531611,0.7461518626223025,0.4667104730941159,0.9092004729234172,0.3329284032041453,0.8183309355996616,0.4246608815083151,0.7361069050596248,0.7035232505030417,0.3329284032041453
104,0.7939360428586826,0.7647545603771301,0.7128636725406963,0.8721784013343907,0.4594908028840641,0.6345202274257921,0.5837429548947018,0.7573463860709727,0.7445885827148171,0.4594908028840641
1168,0.7937812192819107,0.8465290368123901,0.5750596127677567,0.8728998365571321,0.4665083795011938,0.5766377978992523,0.38656935374637,0.7752265275186511,0.7715304933532281,0.38656935374637
547,0.7937061466884959,0.6403415019155766,0.5201269077508227,0.8709664033311559,0.340528838921847,0.8744912526907699,0.43635292694924,0.7670022429671735,0.8496169624575333,0.340528838921847
838,0.7933733405214313,0.722332261970965,0.4830734698419908,0.9426500700360372,0.6073888733680546,0.6752922679609761,0.4549813343715054,0.8624287118618775,0.8213571859201716,0.4549813343715054
1141,0.7919783907057928,0.6981855678045769,0.4691994467152932,0.8932202472804129,0.4949774399980074,0.7118387436120355,0.3835035647579473,0.76307592692876,0.8046282814031875,0.3835035647579473
530,0.7907579361437037,0.7059710261247567,0.5434455000881869,0.7914370365344812,0.4899462986776097,0.7190096817815598,0.6378875963786325,0.6897285018538692,0.7811772066458216,0.4899462986776097
954,0.7894790713114945,0.6460555337293475,0.4533241265566647,0.8919253396619792,0.3031980849539347,0.7862179150717827,0.4830824420628861,0.7546330291983558,0.7872381550597997,0.3031980849539347
96,0.7889617605477115,0.6219698850587455,0.3585802670645378,0.8267296784940149,0.3011805499464205,0.6103701551551318,0.5007331463891084,0.709989005758347,0.7635026914485308,0.3011805499464205
888,0.7880154886118498,0.8252549632485836,0.4983069030841194,0.8552021449536863,0.5058007888394466,0.6151386818003636,0.451353258025816,0.9144889871884796,0.7318012445122825,0.451353258025816
1020,0.787911633212545,0.7486933004205173,0.6045706224743405,0.8147733301099165,0.4034419616061862,0.7540580671959446,0.5287667383290906,0.8031475048237496,0.7624458090253262,0.4034419616061862
1433,0.7857343689042984,0.6245612093453878,0.4411314361092773,0.8639481527532864,0.4166384741330396,0.6084288550587175,0.4748968235289513,0.8302580510320524,0.8124976210375695,0.4166384741330396
726,0.7846553057396489,0.7352160389559688,0.5487396800281604,0.8410840254686446,0.3897784074728823,0.6016866658834878,0.5462087947274781,0.8805709742635228,0.8381907692140014,0.3897784074728823
37,0.7840937782279671,0.6913727729333468,0.7255279502199592,0.9152533134160884,0.4771828347350865,0.7733859590328704,0.4707920802541465,0.7895810463689925,0.7208137893337823,0.4707920802541465
1878,0.7837389649611891,0.7814619280217792,0.4832863036784111,0.8143833503079112,0.3862026426742774,0.7686736729990049,0.713800820182785,0.7965618479193098,0.7337747114603346,0.3862026426742774
1306,0.7823861999645775,0.7274342543391263,0.6853342101234299,0.8185573127758154,0.3450194905342176,0.619822603210746,0.4667602892726049,0.7496338542321469,0.8218035069425613,0.3450194905342176
1329,0.7816210090432473,0.6586483242134893,0.3809540030251732,0.9004548762957604,0.3022705223357024,0.8526873178279196,0.4876301761768979,0.75938080634672,0.7309344591271844,0.3022705223357024
121,0.7810986409505591,0.73924151103186,0.5646926958006891,0.8350499057520983,0.6447113179774423,0.73924151103186,0.5756000533471798,0.8309792636809794,0.913144245762576,0.5646926958006891
1144,0.7794227470574553,0.7761302879612032,0.5549209080490284,0.8742741607999944,0.4446849991395334,0.7968920875469088,0.4170474766529158,0.8135909588552099,0.8609623203683072,0.4170474766529158
15,0.7788515638532364,0.6951561437154173,0.7411346013810336,0.839375982776147,0.3583196897711628,0.7210133751299885,0.6318567143150062,0.8632835915576668,0.839375982776147,0.3583196897711628
593,0.7782174832904449,0.9113474847769404,0.558517104523554,0.8056170341681014,0.4870303868927685,0.7197011274331996,0.5171934884553331,0.7267767931202446,0.880385379929941,0.4870303868927685
1279,0.7761327697638886,0.6194320113536701,0.5382597965396021,0.8052809636870543,0.3448282639046267,0.6854233381221023,0.5636635231118573,0.8277817898180317,0.7676242373550374,0.3448282639046267
1042,0.77422427978214,0.608981256042385,0.5322597799892703,0.890108725034066,0.4208534764038947,0.5746375638910206,0.3744626555413682,0.7356018421726908,0.77422427978214,0.3744626555413682
1617,0.7734264770361142,0.7519152249881319,0.6011182849671353,0.9002952703531348,0.516428876461432,0.5722186935307134,0.5302717811645375,0.809232540163708,0.7846399875984748,0.516428876461432
382,0.772906791081076,0.7112785799592328,0.4243677738499337,0.8583742303930283,0.4061467261448498,0.7123993948585073,0.5201136186386536,0.8297420822674605,0.9035830469682996,0.4061467261448498
1674,0.7704368256794918,0.7865556609351092,0.4217077596224649,0.9670642562761173,0.4035433398924601,0.6506727566610603,0.4760084353634492,0.8737520720961078,0.8147733301099167,0.4035433398924601
1386,0.7694038587610017,0.667755342952248,0.4080372500217031,0.8609844699820577,0.558910324388016,0.6246411949927909,0.4544470290522259,0.656876629870337,0.7288831105552528,0.4080372500217031
1979,0.7689958540027374,0.6544498248696671,0.5573780118493451,0.8114301161975603,0.5369736016328951,0.713827139083811,0.5033548332221106,0.9007941586164736,0.8521627337363996,0.5033548332221106
1501,0.7687583882568991,0.6226956724362626,0.5925131262122415,0.8350892173227571,0.4773564843784612,0.7591484774931363,0.5793449797690096,0.7321273015542413,0.8045171789639791,0.4773564843784612
1845,0.7687510352654081,0.6730624773189287,0.4250858888678865,0.9615801853817132,0.3496738542829813,0.806402775490831,0.5737985007571677,0.7985798089019552,0.9297924611823196,0.3496738542829813
1363,0.7659304907452923,0.6631352676362721,0.6558178177427078,0.9130195090090528,0.4258910399212273,0.5801751836889226,0.3687699836976449,0.6759196601996782,0.8297649754559373,0.3687699836976449
1500,0.7657479045885308,0.7456682063257133,0.3566722173542865,0.8886515543721195,0.4334255066855356,0.6398020843809278,0.3815948620820344,0.6938878213503876,0.8858761139201298,0.3566722173542865
58,0.7651641302171122,0.7238943268180276,0.3791156476061431,0.843020568202114,0.3662194399545606,0.7058678196020945,0.4988585565082312,0.7985167710355329,0.8526621751655399,0.3662194399545606
453,0.7630576411280082,0.7112437050121361,0.4143061892157129,0.8638209335258719,0.3069210499598175,0.6734353708903559,0.5400623869087235,0.8257665480344736,0.7689260051694062,0.3069210499598175
1353,0.7624458090253261,0.7626550345652977,0.6011852603501023,0.8568358234581362,0.3961923711311373,0.7064654232911196,0.5592592112951964,0.629594083726138,0.7934354487991104,0.3961923711311373
914,0.762445486436689,0.7857873689921969,0.5691536875852589,0.8888011016684791,0.4438968935652141,0.7216930138707767,0.4126607433964351,0.7692470916965907,0.7402189159685069,0.4126607433964351
1056,0.7618012127484977,0.6994891207267876,0.4572796196887431,0.799500368950662,0.5014637312156555,0.6803587436746769,0.6280187113220272,0.7267544739209276,0.7621147379680101,0.4572796196887431
1109,0.7615073568570957,0.8721534614377011,0.4081049839866646,0.8585985899795123,0.458038255064875,0.7375858242881785,0.6344861357205909,0.8023557253844117,0.7762251453521744,0.4081049839866646
1817,0.7612020420095055,0.696281245266876,0.5665103717781186,0.8627558505105561,0.558028338509069,0.7036126036415971,0.3978635197637203,0.8425458459767814,0.7083645356811332,0.3978635197637203
353,0.7581909547229795,0.793956859391194,0.4871110943035068,0.8076175371578871,0.3346091640919341,0.6448369634138581,0.569775353732458,0.7811527861529632,0.759868186535585,0.3346091640919341
1697,0.7581559064446656,0.7237723303142894,0.5165742635990533,0.926639756667718,0.5615890072432665,0.7680245012476743,0.6419909980477134,0.8041256152196867,0.845783702777184,0.5165742635990533
1819,0.7558781830477581,0.6639682315450965,0.5695420144578501,0.7984035983626766,0.3306208360641772,0.5704928607698975,0.5254009454727983,0.7579797221084182,0.7614761087778185,0.3306208360641772
784,0.7540761710672799,0.69576822058125,0.7267100852277161,0.8218379673331392,0.3303637606504442,0.6447226456980777,0.4630561030737725,0.7981677348452053,0.882549070617996,0.3303637606504442
109,0.7523197619890014,0.7565141977949226,0.5587751629175876,0.969372784847655,0.3914158850510663,0.7352079102780479,0.6252330640248508,0.6964563055932557,0.8694921719187622,0.3914158850510663
250,0.7511379355975796,0.7174248943011016,0.3946296820646005,0.844650058942586,0.5872622128942032,0.6916131625080049,0.5673507187004492,0.7177318856546822,0.8146133298548384,0.3946296820646005
1471,0.7486132789030725,0.7546332433641552,0.8336693431634672,0.9027345164666464,0.5757290510209989,0.8272802956363388,0.4963535722627994,0.8123629514925049,0.8866171791877763,0.4963535722627994
1874,0.7439904005180051,0.6135981279270669,0.5830607488734936,0.7976684329879881,0.4298062205236418,0.7216797976894062,0.4438405854362761,0.6609131124531541,0.7952181881129968,0.4298062205236418
